state_action,q_value
"((0, 0), 0.0)",0.0
"((0, 0), 0.04)",0.0
"((0, 0), 0.08)",0.0
"((0, 0), 0.12)",0.0
"((0, 0), 0.16)",0.0
"((0, 0), 0.2)",0.0
"((0, 0), 0.24)",0.0
"((0, 0), 0.28)",0.0
"((0, 0), 0.32)",0.0
"((0, 0), 0.36)",0.0
"((0, 0), 0.4)",0.0
"((0, 0), 0.44)",0.0
"((0, 0), 0.48)",0.0
"((0, 0), 0.52)",0.0
"((0, 0), 0.56)",0.0
"((0, 0), 0.6)",0.0
"((0, 0), 0.64)",0.0
"((0, 0), 0.68)",0.0
"((0, 0), 0.72)",0.0
"((0, 0), 0.76)",0.0
"((0, 0), 0.8)",0.0
"((0, 0), 0.84)",0.0
"((0, 0), 0.88)",0.0
"((0, 0), 0.92)",0.0
"((0, 0), 0.96)",0.0
"((0, 0), 1.0)",0.0
"((0, 0.1), 0.0)",0.0
"((0, 0.1), 0.04)",0.0
"((0, 0.1), 0.08)",0.0
"((0, 0.1), 0.12)",0.0
"((0, 0.1), 0.16)",0.0
"((0, 0.1), 0.2)",0.0
"((0, 0.1), 0.24)",0.0
"((0, 0.1), 0.28)",0.0
"((0, 0.1), 0.32)",0.0
"((0, 0.1), 0.36)",0.0
"((0, 0.1), 0.4)",0.0
"((0, 0.1), 0.44)",0.0
"((0, 0.1), 0.48)",0.0
"((0, 0.1), 0.52)",0.0
"((0, 0.1), 0.56)",0.0
"((0, 0.1), 0.6)",0.0
"((0, 0.1), 0.64)",0.0
"((0, 0.1), 0.68)",0.0
"((0, 0.1), 0.72)",0.0
"((0, 0.1), 0.76)",0.0
"((0, 0.1), 0.8)",0.0
"((0, 0.1), 0.84)",0.0
"((0, 0.1), 0.88)",0.0
"((0, 0.1), 0.92)",0.0
"((0, 0.1), 0.96)",0.0
"((0, 0.1), 1.0)",0.0
"((0, 0.2), 0.0)",0.0
"((0, 0.2), 0.04)",0.0
"((0, 0.2), 0.08)",0.0
"((0, 0.2), 0.12)",0.0
"((0, 0.2), 0.16)",0.0
"((0, 0.2), 0.2)",0.0
"((0, 0.2), 0.24)",0.0
"((0, 0.2), 0.28)",0.0
"((0, 0.2), 0.32)",0.0
"((0, 0.2), 0.36)",0.0
"((0, 0.2), 0.4)",0.0
"((0, 0.2), 0.44)",0.0
"((0, 0.2), 0.48)",0.0
"((0, 0.2), 0.52)",0.0
"((0, 0.2), 0.56)",0.0
"((0, 0.2), 0.6)",0.0
"((0, 0.2), 0.64)",0.0
"((0, 0.2), 0.68)",0.0
"((0, 0.2), 0.72)",0.0
"((0, 0.2), 0.76)",0.0
"((0, 0.2), 0.8)",0.0
"((0, 0.2), 0.84)",0.0
"((0, 0.2), 0.88)",0.0
"((0, 0.2), 0.92)",0.0
"((0, 0.2), 0.96)",0.0
"((0, 0.2), 1.0)",0.0
"((0, 0.3), 0.0)",0.0
"((0, 0.3), 0.04)",0.0
"((0, 0.3), 0.08)",0.0
"((0, 0.3), 0.12)",0.0
"((0, 0.3), 0.16)",0.0
"((0, 0.3), 0.2)",0.0
"((0, 0.3), 0.24)",0.0
"((0, 0.3), 0.28)",0.0
"((0, 0.3), 0.32)",0.0
"((0, 0.3), 0.36)",0.0
"((0, 0.3), 0.4)",0.0
"((0, 0.3), 0.44)",0.0
"((0, 0.3), 0.48)",0.0
"((0, 0.3), 0.52)",0.0
"((0, 0.3), 0.56)",0.0
"((0, 0.3), 0.6)",0.0
"((0, 0.3), 0.64)",0.0
"((0, 0.3), 0.68)",0.0
"((0, 0.3), 0.72)",0.0
"((0, 0.3), 0.76)",0.0
"((0, 0.3), 0.8)",0.0
"((0, 0.3), 0.84)",0.0
"((0, 0.3), 0.88)",0.0
"((0, 0.3), 0.92)",0.0
"((0, 0.3), 0.96)",0.0
"((0, 0.3), 1.0)",0.0
"((0, 0.4), 0.0)",0.0
"((0, 0.4), 0.04)",0.0
"((0, 0.4), 0.08)",0.0
"((0, 0.4), 0.12)",0.0
"((0, 0.4), 0.16)",0.0
"((0, 0.4), 0.2)",0.0
"((0, 0.4), 0.24)",0.0
"((0, 0.4), 0.28)",0.0
"((0, 0.4), 0.32)",0.0
"((0, 0.4), 0.36)",0.0
"((0, 0.4), 0.4)",0.0
"((0, 0.4), 0.44)",0.0
"((0, 0.4), 0.48)",0.0
"((0, 0.4), 0.52)",0.0
"((0, 0.4), 0.56)",0.0
"((0, 0.4), 0.6)",0.0
"((0, 0.4), 0.64)",0.0
"((0, 0.4), 0.68)",0.0
"((0, 0.4), 0.72)",0.0
"((0, 0.4), 0.76)",0.0
"((0, 0.4), 0.8)",0.0
"((0, 0.4), 0.84)",0.0
"((0, 0.4), 0.88)",0.0
"((0, 0.4), 0.92)",0.0
"((0, 0.4), 0.96)",0.0
"((0, 0.4), 1.0)",0.0
"((0, 0.5), 0.0)",0.0
"((0, 0.5), 0.04)",0.0
"((0, 0.5), 0.08)",0.0
"((0, 0.5), 0.12)",0.0
"((0, 0.5), 0.16)",0.0
"((0, 0.5), 0.2)",0.0
"((0, 0.5), 0.24)",0.0
"((0, 0.5), 0.28)",0.0
"((0, 0.5), 0.32)",0.0
"((0, 0.5), 0.36)",0.0
"((0, 0.5), 0.4)",0.0
"((0, 0.5), 0.44)",0.0
"((0, 0.5), 0.48)",0.0
"((0, 0.5), 0.52)",0.0
"((0, 0.5), 0.56)",0.0
"((0, 0.5), 0.6)",0.0
"((0, 0.5), 0.64)",0.0
"((0, 0.5), 0.68)",0.0
"((0, 0.5), 0.72)",0.0
"((0, 0.5), 0.76)",0.0
"((0, 0.5), 0.8)",0.0
"((0, 0.5), 0.84)",0.0
"((0, 0.5), 0.88)",0.0
"((0, 0.5), 0.92)",0.0
"((0, 0.5), 0.96)",0.0
"((0, 0.5), 1.0)",0.0
"((0, 0.6), 0.0)",0.0
"((0, 0.6), 0.04)",0.0
"((0, 0.6), 0.08)",0.0
"((0, 0.6), 0.12)",0.0
"((0, 0.6), 0.16)",0.0
"((0, 0.6), 0.2)",0.0
"((0, 0.6), 0.24)",0.0
"((0, 0.6), 0.28)",0.0
"((0, 0.6), 0.32)",0.0
"((0, 0.6), 0.36)",0.0
"((0, 0.6), 0.4)",0.0
"((0, 0.6), 0.44)",0.0
"((0, 0.6), 0.48)",0.0
"((0, 0.6), 0.52)",0.0
"((0, 0.6), 0.56)",0.0
"((0, 0.6), 0.6)",0.0
"((0, 0.6), 0.64)",0.0
"((0, 0.6), 0.68)",0.0
"((0, 0.6), 0.72)",0.0
"((0, 0.6), 0.76)",0.0
"((0, 0.6), 0.8)",0.0
"((0, 0.6), 0.84)",0.0
"((0, 0.6), 0.88)",0.0
"((0, 0.6), 0.92)",0.0
"((0, 0.6), 0.96)",0.0
"((0, 0.6), 1.0)",0.0
"((0, 0.7), 0.0)",0.0
"((0, 0.7), 0.04)",0.0
"((0, 0.7), 0.08)",0.0
"((0, 0.7), 0.12)",0.0
"((0, 0.7), 0.16)",0.0
"((0, 0.7), 0.2)",0.0
"((0, 0.7), 0.24)",0.0
"((0, 0.7), 0.28)",0.0
"((0, 0.7), 0.32)",0.0
"((0, 0.7), 0.36)",0.0
"((0, 0.7), 0.4)",0.0
"((0, 0.7), 0.44)",0.0
"((0, 0.7), 0.48)",0.0
"((0, 0.7), 0.52)",0.0
"((0, 0.7), 0.56)",0.0
"((0, 0.7), 0.6)",0.0
"((0, 0.7), 0.64)",0.0
"((0, 0.7), 0.68)",0.0
"((0, 0.7), 0.72)",0.0
"((0, 0.7), 0.76)",0.0
"((0, 0.7), 0.8)",0.0
"((0, 0.7), 0.84)",0.0
"((0, 0.7), 0.88)",0.0
"((0, 0.7), 0.92)",0.0
"((0, 0.7), 0.96)",0.0
"((0, 0.7), 1.0)",0.0
"((0, 0.8), 0.0)",0.0
"((0, 0.8), 0.04)",0.0
"((0, 0.8), 0.08)",0.0
"((0, 0.8), 0.12)",0.0
"((0, 0.8), 0.16)",0.0
"((0, 0.8), 0.2)",0.0
"((0, 0.8), 0.24)",0.0
"((0, 0.8), 0.28)",0.0
"((0, 0.8), 0.32)",0.0
"((0, 0.8), 0.36)",0.0
"((0, 0.8), 0.4)",0.0
"((0, 0.8), 0.44)",0.0
"((0, 0.8), 0.48)",0.0
"((0, 0.8), 0.52)",0.0
"((0, 0.8), 0.56)",0.0
"((0, 0.8), 0.6)",0.0
"((0, 0.8), 0.64)",0.0
"((0, 0.8), 0.68)",0.0
"((0, 0.8), 0.72)",0.0
"((0, 0.8), 0.76)",0.0
"((0, 0.8), 0.8)",0.0
"((0, 0.8), 0.84)",0.0
"((0, 0.8), 0.88)",0.0
"((0, 0.8), 0.92)",0.0
"((0, 0.8), 0.96)",0.0
"((0, 0.8), 1.0)",0.0
"((0, 0.9), 0.0)",0.0
"((0, 0.9), 0.04)",0.0
"((0, 0.9), 0.08)",0.0
"((0, 0.9), 0.12)",0.0
"((0, 0.9), 0.16)",0.0
"((0, 0.9), 0.2)",0.0
"((0, 0.9), 0.24)",0.0
"((0, 0.9), 0.28)",0.0
"((0, 0.9), 0.32)",0.0
"((0, 0.9), 0.36)",0.0
"((0, 0.9), 0.4)",0.0
"((0, 0.9), 0.44)",0.0
"((0, 0.9), 0.48)",0.0
"((0, 0.9), 0.52)",0.0
"((0, 0.9), 0.56)",0.0
"((0, 0.9), 0.6)",0.0
"((0, 0.9), 0.64)",0.0
"((0, 0.9), 0.68)",0.0
"((0, 0.9), 0.72)",0.0
"((0, 0.9), 0.76)",0.0
"((0, 0.9), 0.8)",0.0
"((0, 0.9), 0.84)",0.0
"((0, 0.9), 0.88)",0.0
"((0, 0.9), 0.92)",0.0
"((0, 0.9), 0.96)",0.0
"((0, 0.9), 1.0)",0.0
"((0, 1.0), 0.0)",0.0
"((0, 1.0), 0.04)",0.0
"((0, 1.0), 0.08)",0.0
"((0, 1.0), 0.12)",0.0
"((0, 1.0), 0.16)",0.0
"((0, 1.0), 0.2)",0.0
"((0, 1.0), 0.24)",0.0
"((0, 1.0), 0.28)",0.0
"((0, 1.0), 0.32)",0.0
"((0, 1.0), 0.36)",0.0
"((0, 1.0), 0.4)",0.0
"((0, 1.0), 0.44)",0.0
"((0, 1.0), 0.48)",0.0
"((0, 1.0), 0.52)",0.0
"((0, 1.0), 0.56)",0.0
"((0, 1.0), 0.6)",0.0
"((0, 1.0), 0.64)",0.0
"((0, 1.0), 0.68)",0.0
"((0, 1.0), 0.72)",0.0
"((0, 1.0), 0.76)",0.0
"((0, 1.0), 0.8)",0.0
"((0, 1.0), 0.84)",0.0
"((0, 1.0), 0.88)",0.0
"((0, 1.0), 0.92)",0.0
"((0, 1.0), 0.96)",0.0
"((0, 1.0), 1.0)",0.0
"((0.25, 0), 0.0)",0.0
"((0.25, 0), 0.04)",0.0
"((0.25, 0), 0.08)",0.0
"((0.25, 0), 0.12)",0.0
"((0.25, 0), 0.16)",0.0
"((0.25, 0), 0.2)",0.0
"((0.25, 0), 0.24)",0.0
"((0.25, 0), 0.28)",0.0
"((0.25, 0), 0.32)",0.0
"((0.25, 0), 0.36)",0.0
"((0.25, 0), 0.4)",0.0
"((0.25, 0), 0.44)",0.0
"((0.25, 0), 0.48)",0.0
"((0.25, 0), 0.52)",0.0
"((0.25, 0), 0.56)",0.0
"((0.25, 0), 0.6)",0.0
"((0.25, 0), 0.64)",0.0
"((0.25, 0), 0.68)",0.0
"((0.25, 0), 0.72)",0.0
"((0.25, 0), 0.76)",0.0
"((0.25, 0), 0.8)",0.0
"((0.25, 0), 0.84)",0.0
"((0.25, 0), 0.88)",0.0
"((0.25, 0), 0.92)",0.0
"((0.25, 0), 0.96)",0.0
"((0.25, 0), 1.0)",0.0
"((0.25, 0.1), 0.0)",0.0
"((0.25, 0.1), 0.04)",0.0
"((0.25, 0.1), 0.08)",0.0
"((0.25, 0.1), 0.12)",0.0
"((0.25, 0.1), 0.16)",0.0
"((0.25, 0.1), 0.2)",0.0
"((0.25, 0.1), 0.24)",0.0
"((0.25, 0.1), 0.28)",0.0
"((0.25, 0.1), 0.32)",0.0
"((0.25, 0.1), 0.36)",0.0
"((0.25, 0.1), 0.4)",0.0
"((0.25, 0.1), 0.44)",0.0
"((0.25, 0.1), 0.48)",0.0
"((0.25, 0.1), 0.52)",0.0
"((0.25, 0.1), 0.56)",0.0
"((0.25, 0.1), 0.6)",0.0
"((0.25, 0.1), 0.64)",0.0
"((0.25, 0.1), 0.68)",0.0
"((0.25, 0.1), 0.72)",0.0
"((0.25, 0.1), 0.76)",0.0
"((0.25, 0.1), 0.8)",0.0
"((0.25, 0.1), 0.84)",0.0
"((0.25, 0.1), 0.88)",0.0
"((0.25, 0.1), 0.92)",0.0
"((0.25, 0.1), 0.96)",0.0
"((0.25, 0.1), 1.0)",0.0
"((0.25, 0.2), 0.0)",0.0
"((0.25, 0.2), 0.04)",0.0
"((0.25, 0.2), 0.08)",0.0
"((0.25, 0.2), 0.12)",0.0
"((0.25, 0.2), 0.16)",0.0
"((0.25, 0.2), 0.2)",0.0
"((0.25, 0.2), 0.24)",0.0
"((0.25, 0.2), 0.28)",0.0
"((0.25, 0.2), 0.32)",0.0
"((0.25, 0.2), 0.36)",0.0
"((0.25, 0.2), 0.4)",0.0
"((0.25, 0.2), 0.44)",0.0
"((0.25, 0.2), 0.48)",0.0
"((0.25, 0.2), 0.52)",0.0
"((0.25, 0.2), 0.56)",0.0
"((0.25, 0.2), 0.6)",0.0
"((0.25, 0.2), 0.64)",0.0
"((0.25, 0.2), 0.68)",0.0
"((0.25, 0.2), 0.72)",0.0
"((0.25, 0.2), 0.76)",0.0
"((0.25, 0.2), 0.8)",0.0
"((0.25, 0.2), 0.84)",0.0
"((0.25, 0.2), 0.88)",0.0
"((0.25, 0.2), 0.92)",0.0
"((0.25, 0.2), 0.96)",0.0
"((0.25, 0.2), 1.0)",0.0
"((0.25, 0.3), 0.0)",0.0
"((0.25, 0.3), 0.04)",0.0
"((0.25, 0.3), 0.08)",0.0
"((0.25, 0.3), 0.12)",0.0
"((0.25, 0.3), 0.16)",0.0
"((0.25, 0.3), 0.2)",0.0
"((0.25, 0.3), 0.24)",0.0
"((0.25, 0.3), 0.28)",0.0
"((0.25, 0.3), 0.32)",0.0
"((0.25, 0.3), 0.36)",0.0
"((0.25, 0.3), 0.4)",0.0
"((0.25, 0.3), 0.44)",0.0
"((0.25, 0.3), 0.48)",0.0
"((0.25, 0.3), 0.52)",0.0
"((0.25, 0.3), 0.56)",0.0
"((0.25, 0.3), 0.6)",0.0
"((0.25, 0.3), 0.64)",0.0
"((0.25, 0.3), 0.68)",0.0
"((0.25, 0.3), 0.72)",0.0
"((0.25, 0.3), 0.76)",0.0
"((0.25, 0.3), 0.8)",0.0
"((0.25, 0.3), 0.84)",0.0
"((0.25, 0.3), 0.88)",0.0
"((0.25, 0.3), 0.92)",0.0
"((0.25, 0.3), 0.96)",0.0
"((0.25, 0.3), 1.0)",0.0
"((0.25, 0.4), 0.0)",0.0
"((0.25, 0.4), 0.04)",0.0
"((0.25, 0.4), 0.08)",0.0
"((0.25, 0.4), 0.12)",0.0
"((0.25, 0.4), 0.16)",0.0
"((0.25, 0.4), 0.2)",0.0
"((0.25, 0.4), 0.24)",0.0
"((0.25, 0.4), 0.28)",0.0
"((0.25, 0.4), 0.32)",0.0
"((0.25, 0.4), 0.36)",0.0
"((0.25, 0.4), 0.4)",0.0
"((0.25, 0.4), 0.44)",0.0
"((0.25, 0.4), 0.48)",0.0
"((0.25, 0.4), 0.52)",0.0
"((0.25, 0.4), 0.56)",0.0
"((0.25, 0.4), 0.6)",0.0
"((0.25, 0.4), 0.64)",0.0
"((0.25, 0.4), 0.68)",0.0
"((0.25, 0.4), 0.72)",0.0
"((0.25, 0.4), 0.76)",0.0
"((0.25, 0.4), 0.8)",0.0
"((0.25, 0.4), 0.84)",0.0
"((0.25, 0.4), 0.88)",0.0
"((0.25, 0.4), 0.92)",0.0
"((0.25, 0.4), 0.96)",0.0
"((0.25, 0.4), 1.0)",0.0
"((0.25, 0.5), 0.0)",0.0
"((0.25, 0.5), 0.04)",0.0
"((0.25, 0.5), 0.08)",0.0
"((0.25, 0.5), 0.12)",0.0
"((0.25, 0.5), 0.16)",0.0
"((0.25, 0.5), 0.2)",0.0
"((0.25, 0.5), 0.24)",0.0
"((0.25, 0.5), 0.28)",0.0
"((0.25, 0.5), 0.32)",0.0
"((0.25, 0.5), 0.36)",0.0
"((0.25, 0.5), 0.4)",0.0
"((0.25, 0.5), 0.44)",0.0
"((0.25, 0.5), 0.48)",0.0
"((0.25, 0.5), 0.52)",0.0
"((0.25, 0.5), 0.56)",0.0
"((0.25, 0.5), 0.6)",0.0
"((0.25, 0.5), 0.64)",0.0
"((0.25, 0.5), 0.68)",0.0
"((0.25, 0.5), 0.72)",0.0
"((0.25, 0.5), 0.76)",0.0
"((0.25, 0.5), 0.8)",0.0
"((0.25, 0.5), 0.84)",0.0
"((0.25, 0.5), 0.88)",0.0
"((0.25, 0.5), 0.92)",0.0
"((0.25, 0.5), 0.96)",0.0
"((0.25, 0.5), 1.0)",0.0
"((0.25, 0.6), 0.0)",0.0
"((0.25, 0.6), 0.04)",0.0
"((0.25, 0.6), 0.08)",0.0
"((0.25, 0.6), 0.12)",0.0
"((0.25, 0.6), 0.16)",0.0
"((0.25, 0.6), 0.2)",0.0
"((0.25, 0.6), 0.24)",0.0
"((0.25, 0.6), 0.28)",0.0
"((0.25, 0.6), 0.32)",0.0
"((0.25, 0.6), 0.36)",0.0
"((0.25, 0.6), 0.4)",0.0
"((0.25, 0.6), 0.44)",0.0
"((0.25, 0.6), 0.48)",0.0
"((0.25, 0.6), 0.52)",0.0
"((0.25, 0.6), 0.56)",0.0
"((0.25, 0.6), 0.6)",0.0
"((0.25, 0.6), 0.64)",0.0
"((0.25, 0.6), 0.68)",0.0
"((0.25, 0.6), 0.72)",0.0
"((0.25, 0.6), 0.76)",0.0
"((0.25, 0.6), 0.8)",0.0
"((0.25, 0.6), 0.84)",0.0
"((0.25, 0.6), 0.88)",0.0
"((0.25, 0.6), 0.92)",0.0
"((0.25, 0.6), 0.96)",0.0
"((0.25, 0.6), 1.0)",0.0
"((0.25, 0.7), 0.0)",0.0
"((0.25, 0.7), 0.04)",0.0
"((0.25, 0.7), 0.08)",0.0
"((0.25, 0.7), 0.12)",0.0
"((0.25, 0.7), 0.16)",0.0
"((0.25, 0.7), 0.2)",0.0
"((0.25, 0.7), 0.24)",0.0
"((0.25, 0.7), 0.28)",0.0
"((0.25, 0.7), 0.32)",0.0
"((0.25, 0.7), 0.36)",0.0
"((0.25, 0.7), 0.4)",0.0
"((0.25, 0.7), 0.44)",0.0
"((0.25, 0.7), 0.48)",0.0
"((0.25, 0.7), 0.52)",0.0
"((0.25, 0.7), 0.56)",0.0
"((0.25, 0.7), 0.6)",0.0
"((0.25, 0.7), 0.64)",0.0
"((0.25, 0.7), 0.68)",0.0
"((0.25, 0.7), 0.72)",0.0
"((0.25, 0.7), 0.76)",0.0
"((0.25, 0.7), 0.8)",0.0
"((0.25, 0.7), 0.84)",0.0
"((0.25, 0.7), 0.88)",0.0
"((0.25, 0.7), 0.92)",0.0
"((0.25, 0.7), 0.96)",0.0
"((0.25, 0.7), 1.0)",0.0
"((0.25, 0.8), 0.0)",0.0
"((0.25, 0.8), 0.04)",0.0
"((0.25, 0.8), 0.08)",0.0
"((0.25, 0.8), 0.12)",0.0
"((0.25, 0.8), 0.16)",0.0
"((0.25, 0.8), 0.2)",0.0
"((0.25, 0.8), 0.24)",0.0
"((0.25, 0.8), 0.28)",0.0
"((0.25, 0.8), 0.32)",0.0
"((0.25, 0.8), 0.36)",0.0
"((0.25, 0.8), 0.4)",0.0
"((0.25, 0.8), 0.44)",0.0
"((0.25, 0.8), 0.48)",0.0
"((0.25, 0.8), 0.52)",0.0
"((0.25, 0.8), 0.56)",0.0
"((0.25, 0.8), 0.6)",0.0
"((0.25, 0.8), 0.64)",0.0
"((0.25, 0.8), 0.68)",0.0
"((0.25, 0.8), 0.72)",0.0
"((0.25, 0.8), 0.76)",0.0
"((0.25, 0.8), 0.8)",0.0
"((0.25, 0.8), 0.84)",0.0
"((0.25, 0.8), 0.88)",0.0
"((0.25, 0.8), 0.92)",0.0
"((0.25, 0.8), 0.96)",0.0
"((0.25, 0.8), 1.0)",0.0
"((0.25, 0.9), 0.0)",0.0
"((0.25, 0.9), 0.04)",0.0
"((0.25, 0.9), 0.08)",0.0
"((0.25, 0.9), 0.12)",0.0
"((0.25, 0.9), 0.16)",0.0
"((0.25, 0.9), 0.2)",0.0
"((0.25, 0.9), 0.24)",0.0
"((0.25, 0.9), 0.28)",0.0
"((0.25, 0.9), 0.32)",0.0
"((0.25, 0.9), 0.36)",0.0
"((0.25, 0.9), 0.4)",0.0
"((0.25, 0.9), 0.44)",0.0
"((0.25, 0.9), 0.48)",0.0
"((0.25, 0.9), 0.52)",0.0
"((0.25, 0.9), 0.56)",0.0
"((0.25, 0.9), 0.6)",0.0
"((0.25, 0.9), 0.64)",0.0
"((0.25, 0.9), 0.68)",0.0
"((0.25, 0.9), 0.72)",0.0
"((0.25, 0.9), 0.76)",0.0
"((0.25, 0.9), 0.8)",0.0
"((0.25, 0.9), 0.84)",0.0
"((0.25, 0.9), 0.88)",0.0
"((0.25, 0.9), 0.92)",0.0
"((0.25, 0.9), 0.96)",0.0
"((0.25, 0.9), 1.0)",0.0
"((0.25, 1.0), 0.0)",0.0
"((0.25, 1.0), 0.04)",0.0
"((0.25, 1.0), 0.08)",0.0
"((0.25, 1.0), 0.12)",0.0
"((0.25, 1.0), 0.16)",0.0
"((0.25, 1.0), 0.2)",0.0
"((0.25, 1.0), 0.24)",0.0
"((0.25, 1.0), 0.28)",0.0
"((0.25, 1.0), 0.32)",0.0
"((0.25, 1.0), 0.36)",0.0
"((0.25, 1.0), 0.4)",0.0
"((0.25, 1.0), 0.44)",0.0
"((0.25, 1.0), 0.48)",0.0
"((0.25, 1.0), 0.52)",0.0
"((0.25, 1.0), 0.56)",0.0
"((0.25, 1.0), 0.6)",0.0
"((0.25, 1.0), 0.64)",0.0
"((0.25, 1.0), 0.68)",0.0
"((0.25, 1.0), 0.72)",0.0
"((0.25, 1.0), 0.76)",0.0
"((0.25, 1.0), 0.8)",0.0
"((0.25, 1.0), 0.84)",0.0
"((0.25, 1.0), 0.88)",0.0
"((0.25, 1.0), 0.92)",0.0
"((0.25, 1.0), 0.96)",0.0
"((0.25, 1.0), 1.0)",0.0
"((0.5, 0), 0.0)",1.4205000918078177
"((0.5, 0), 0.04)",1.4050595691251606
"((0.5, 0), 0.08)",1.4873042789207982
"((0.5, 0), 0.12)",1.5111100067284096
"((0.5, 0), 0.16)",1.5198645805485433
"((0.5, 0), 0.2)",1.3375664391278432
"((0.5, 0), 0.24)",1.5525415976185246
"((0.5, 0), 0.28)",1.5518906255389726
"((0.5, 0), 0.32)",1.4878683175441019
"((0.5, 0), 0.36)",1.562295337749633
"((0.5, 0), 0.4)",1.5623280363415413
"((0.5, 0), 0.44)",1.4312258599709566
"((0.5, 0), 0.48)",1.4478946897371523
"((0.5, 0), 0.52)",1.503906510743565
"((0.5, 0), 0.56)",1.4351895343821826
"((0.5, 0), 0.6)",1.4655681491131545
"((0.5, 0), 0.64)",1.464249587620798
"((0.5, 0), 0.68)",1.4902148304788005
"((0.5, 0), 0.72)",1.4218684592618873
"((0.5, 0), 0.76)",1.6074452790065101
"((0.5, 0), 0.8)",1.4912864179780048
"((0.5, 0), 0.84)",1.4700610812960808
"((0.5, 0), 0.88)",1.4980853962220688
"((0.5, 0), 0.92)",2.0237612380794308
"((0.5, 0), 0.96)",1.4293755559261607
"((0.5, 0), 1.0)",1.412327846964585
"((0.5, 0.1), 0.0)",0.0
"((0.5, 0.1), 0.04)",0.0
"((0.5, 0.1), 0.08)",0.0
"((0.5, 0.1), 0.12)",0.0
"((0.5, 0.1), 0.16)",0.0
"((0.5, 0.1), 0.2)",0.0
"((0.5, 0.1), 0.24)",0.0
"((0.5, 0.1), 0.28)",0.0
"((0.5, 0.1), 0.32)",0.0
"((0.5, 0.1), 0.36)",0.0
"((0.5, 0.1), 0.4)",0.0
"((0.5, 0.1), 0.44)",0.0
"((0.5, 0.1), 0.48)",0.0
"((0.5, 0.1), 0.52)",0.0
"((0.5, 0.1), 0.56)",0.0
"((0.5, 0.1), 0.6)",0.0
"((0.5, 0.1), 0.64)",0.0
"((0.5, 0.1), 0.68)",0.0
"((0.5, 0.1), 0.72)",0.0
"((0.5, 0.1), 0.76)",0.0
"((0.5, 0.1), 0.8)",0.0
"((0.5, 0.1), 0.84)",0.0
"((0.5, 0.1), 0.88)",0.0
"((0.5, 0.1), 0.92)",0.0
"((0.5, 0.1), 0.96)",0.0
"((0.5, 0.1), 1.0)",0.0
"((0.5, 0.2), 0.0)",0.0
"((0.5, 0.2), 0.04)",0.0
"((0.5, 0.2), 0.08)",0.0
"((0.5, 0.2), 0.12)",0.0
"((0.5, 0.2), 0.16)",0.0
"((0.5, 0.2), 0.2)",0.0
"((0.5, 0.2), 0.24)",0.0
"((0.5, 0.2), 0.28)",0.0
"((0.5, 0.2), 0.32)",0.0
"((0.5, 0.2), 0.36)",0.0
"((0.5, 0.2), 0.4)",0.0
"((0.5, 0.2), 0.44)",0.0
"((0.5, 0.2), 0.48)",0.0
"((0.5, 0.2), 0.52)",0.0
"((0.5, 0.2), 0.56)",0.0
"((0.5, 0.2), 0.6)",0.0
"((0.5, 0.2), 0.64)",0.0
"((0.5, 0.2), 0.68)",0.0
"((0.5, 0.2), 0.72)",0.0
"((0.5, 0.2), 0.76)",0.0
"((0.5, 0.2), 0.8)",0.0
"((0.5, 0.2), 0.84)",0.0
"((0.5, 0.2), 0.88)",0.0
"((0.5, 0.2), 0.92)",0.0
"((0.5, 0.2), 0.96)",0.0
"((0.5, 0.2), 1.0)",0.0
"((0.5, 0.3), 0.0)",0.0
"((0.5, 0.3), 0.04)",0.0
"((0.5, 0.3), 0.08)",0.0
"((0.5, 0.3), 0.12)",0.0
"((0.5, 0.3), 0.16)",0.0
"((0.5, 0.3), 0.2)",0.0
"((0.5, 0.3), 0.24)",0.0
"((0.5, 0.3), 0.28)",0.0
"((0.5, 0.3), 0.32)",0.0
"((0.5, 0.3), 0.36)",0.0
"((0.5, 0.3), 0.4)",0.0
"((0.5, 0.3), 0.44)",0.0
"((0.5, 0.3), 0.48)",0.0
"((0.5, 0.3), 0.52)",0.0
"((0.5, 0.3), 0.56)",0.0
"((0.5, 0.3), 0.6)",0.0
"((0.5, 0.3), 0.64)",0.0
"((0.5, 0.3), 0.68)",0.0
"((0.5, 0.3), 0.72)",0.0
"((0.5, 0.3), 0.76)",0.0
"((0.5, 0.3), 0.8)",0.0
"((0.5, 0.3), 0.84)",0.0
"((0.5, 0.3), 0.88)",0.0
"((0.5, 0.3), 0.92)",0.0
"((0.5, 0.3), 0.96)",0.0
"((0.5, 0.3), 1.0)",0.0
"((0.5, 0.4), 0.0)",0.0
"((0.5, 0.4), 0.04)",0.0
"((0.5, 0.4), 0.08)",0.0
"((0.5, 0.4), 0.12)",0.0
"((0.5, 0.4), 0.16)",0.0
"((0.5, 0.4), 0.2)",0.0
"((0.5, 0.4), 0.24)",0.0
"((0.5, 0.4), 0.28)",0.0
"((0.5, 0.4), 0.32)",0.0
"((0.5, 0.4), 0.36)",0.0
"((0.5, 0.4), 0.4)",0.0
"((0.5, 0.4), 0.44)",0.0
"((0.5, 0.4), 0.48)",0.0
"((0.5, 0.4), 0.52)",0.0
"((0.5, 0.4), 0.56)",0.0
"((0.5, 0.4), 0.6)",0.0
"((0.5, 0.4), 0.64)",0.0
"((0.5, 0.4), 0.68)",0.0
"((0.5, 0.4), 0.72)",0.0
"((0.5, 0.4), 0.76)",0.0
"((0.5, 0.4), 0.8)",0.0
"((0.5, 0.4), 0.84)",0.0
"((0.5, 0.4), 0.88)",0.0
"((0.5, 0.4), 0.92)",0.0
"((0.5, 0.4), 0.96)",0.0
"((0.5, 0.4), 1.0)",0.0
"((0.5, 0.5), 0.0)",0.0
"((0.5, 0.5), 0.04)",0.0
"((0.5, 0.5), 0.08)",0.0
"((0.5, 0.5), 0.12)",0.0
"((0.5, 0.5), 0.16)",0.0
"((0.5, 0.5), 0.2)",0.0
"((0.5, 0.5), 0.24)",0.0
"((0.5, 0.5), 0.28)",0.0
"((0.5, 0.5), 0.32)",0.0
"((0.5, 0.5), 0.36)",0.0
"((0.5, 0.5), 0.4)",0.0
"((0.5, 0.5), 0.44)",0.0
"((0.5, 0.5), 0.48)",0.0
"((0.5, 0.5), 0.52)",0.0
"((0.5, 0.5), 0.56)",0.0
"((0.5, 0.5), 0.6)",0.0
"((0.5, 0.5), 0.64)",0.0
"((0.5, 0.5), 0.68)",0.0
"((0.5, 0.5), 0.72)",0.0
"((0.5, 0.5), 0.76)",0.0
"((0.5, 0.5), 0.8)",0.0
"((0.5, 0.5), 0.84)",0.0
"((0.5, 0.5), 0.88)",0.0
"((0.5, 0.5), 0.92)",0.0
"((0.5, 0.5), 0.96)",0.0
"((0.5, 0.5), 1.0)",0.0
"((0.5, 0.6), 0.0)",0.0
"((0.5, 0.6), 0.04)",0.0
"((0.5, 0.6), 0.08)",0.0
"((0.5, 0.6), 0.12)",0.0
"((0.5, 0.6), 0.16)",0.0
"((0.5, 0.6), 0.2)",0.0
"((0.5, 0.6), 0.24)",0.0
"((0.5, 0.6), 0.28)",0.0
"((0.5, 0.6), 0.32)",0.0
"((0.5, 0.6), 0.36)",0.0
"((0.5, 0.6), 0.4)",0.0
"((0.5, 0.6), 0.44)",0.0
"((0.5, 0.6), 0.48)",0.0
"((0.5, 0.6), 0.52)",0.0
"((0.5, 0.6), 0.56)",0.0
"((0.5, 0.6), 0.6)",0.0
"((0.5, 0.6), 0.64)",0.0
"((0.5, 0.6), 0.68)",0.0
"((0.5, 0.6), 0.72)",0.0
"((0.5, 0.6), 0.76)",0.0
"((0.5, 0.6), 0.8)",0.0
"((0.5, 0.6), 0.84)",0.0
"((0.5, 0.6), 0.88)",0.0
"((0.5, 0.6), 0.92)",0.0
"((0.5, 0.6), 0.96)",0.0
"((0.5, 0.6), 1.0)",0.0
"((0.5, 0.7), 0.0)",0.0
"((0.5, 0.7), 0.04)",0.0
"((0.5, 0.7), 0.08)",0.0
"((0.5, 0.7), 0.12)",0.0
"((0.5, 0.7), 0.16)",0.0
"((0.5, 0.7), 0.2)",0.0
"((0.5, 0.7), 0.24)",0.0
"((0.5, 0.7), 0.28)",0.0
"((0.5, 0.7), 0.32)",0.0
"((0.5, 0.7), 0.36)",0.0
"((0.5, 0.7), 0.4)",0.0
"((0.5, 0.7), 0.44)",0.0
"((0.5, 0.7), 0.48)",0.0
"((0.5, 0.7), 0.52)",0.0
"((0.5, 0.7), 0.56)",0.0
"((0.5, 0.7), 0.6)",0.0
"((0.5, 0.7), 0.64)",0.0
"((0.5, 0.7), 0.68)",0.0
"((0.5, 0.7), 0.72)",0.0
"((0.5, 0.7), 0.76)",0.0
"((0.5, 0.7), 0.8)",0.0
"((0.5, 0.7), 0.84)",0.0
"((0.5, 0.7), 0.88)",0.0
"((0.5, 0.7), 0.92)",0.0
"((0.5, 0.7), 0.96)",0.0
"((0.5, 0.7), 1.0)",0.0
"((0.5, 0.8), 0.0)",0.0
"((0.5, 0.8), 0.04)",0.0
"((0.5, 0.8), 0.08)",0.0
"((0.5, 0.8), 0.12)",0.0
"((0.5, 0.8), 0.16)",0.0
"((0.5, 0.8), 0.2)",0.0
"((0.5, 0.8), 0.24)",0.0
"((0.5, 0.8), 0.28)",0.0
"((0.5, 0.8), 0.32)",0.0
"((0.5, 0.8), 0.36)",0.0
"((0.5, 0.8), 0.4)",0.0
"((0.5, 0.8), 0.44)",0.0
"((0.5, 0.8), 0.48)",0.0
"((0.5, 0.8), 0.52)",0.0
"((0.5, 0.8), 0.56)",0.0
"((0.5, 0.8), 0.6)",0.0
"((0.5, 0.8), 0.64)",0.0
"((0.5, 0.8), 0.68)",0.0
"((0.5, 0.8), 0.72)",0.0
"((0.5, 0.8), 0.76)",0.0
"((0.5, 0.8), 0.8)",0.0
"((0.5, 0.8), 0.84)",0.0
"((0.5, 0.8), 0.88)",0.0
"((0.5, 0.8), 0.92)",0.0
"((0.5, 0.8), 0.96)",0.0
"((0.5, 0.8), 1.0)",0.0
"((0.5, 0.9), 0.0)",0.0
"((0.5, 0.9), 0.04)",0.0
"((0.5, 0.9), 0.08)",0.0
"((0.5, 0.9), 0.12)",0.0
"((0.5, 0.9), 0.16)",0.0
"((0.5, 0.9), 0.2)",0.0
"((0.5, 0.9), 0.24)",0.0
"((0.5, 0.9), 0.28)",0.0
"((0.5, 0.9), 0.32)",0.0
"((0.5, 0.9), 0.36)",0.0
"((0.5, 0.9), 0.4)",0.0
"((0.5, 0.9), 0.44)",0.0
"((0.5, 0.9), 0.48)",0.0
"((0.5, 0.9), 0.52)",0.0
"((0.5, 0.9), 0.56)",0.0
"((0.5, 0.9), 0.6)",0.0
"((0.5, 0.9), 0.64)",0.0
"((0.5, 0.9), 0.68)",0.0
"((0.5, 0.9), 0.72)",0.0
"((0.5, 0.9), 0.76)",0.0
"((0.5, 0.9), 0.8)",0.0
"((0.5, 0.9), 0.84)",0.0
"((0.5, 0.9), 0.88)",0.0
"((0.5, 0.9), 0.92)",0.0
"((0.5, 0.9), 0.96)",0.0
"((0.5, 0.9), 1.0)",0.0
"((0.5, 1.0), 0.0)",0.0
"((0.5, 1.0), 0.04)",0.0
"((0.5, 1.0), 0.08)",0.0
"((0.5, 1.0), 0.12)",0.0
"((0.5, 1.0), 0.16)",0.0
"((0.5, 1.0), 0.2)",0.0
"((0.5, 1.0), 0.24)",0.0
"((0.5, 1.0), 0.28)",0.0
"((0.5, 1.0), 0.32)",0.0
"((0.5, 1.0), 0.36)",0.0
"((0.5, 1.0), 0.4)",0.0
"((0.5, 1.0), 0.44)",0.0
"((0.5, 1.0), 0.48)",0.0
"((0.5, 1.0), 0.52)",0.0
"((0.5, 1.0), 0.56)",0.0
"((0.5, 1.0), 0.6)",0.0
"((0.5, 1.0), 0.64)",0.0
"((0.5, 1.0), 0.68)",0.0
"((0.5, 1.0), 0.72)",0.0
"((0.5, 1.0), 0.76)",0.0
"((0.5, 1.0), 0.8)",0.0
"((0.5, 1.0), 0.84)",0.0
"((0.5, 1.0), 0.88)",0.0
"((0.5, 1.0), 0.92)",0.0
"((0.5, 1.0), 0.96)",0.0
"((0.5, 1.0), 1.0)",0.0
"((0.75, 0), 0.0)",0.0
"((0.75, 0), 0.04)",0.0
"((0.75, 0), 0.08)",0.0
"((0.75, 0), 0.12)",0.0
"((0.75, 0), 0.16)",0.0
"((0.75, 0), 0.2)",0.0
"((0.75, 0), 0.24)",0.0
"((0.75, 0), 0.28)",0.0
"((0.75, 0), 0.32)",0.0
"((0.75, 0), 0.36)",0.0
"((0.75, 0), 0.4)",0.0
"((0.75, 0), 0.44)",0.0
"((0.75, 0), 0.48)",0.0
"((0.75, 0), 0.52)",0.0
"((0.75, 0), 0.56)",0.0
"((0.75, 0), 0.6)",0.0
"((0.75, 0), 0.64)",0.0
"((0.75, 0), 0.68)",0.0
"((0.75, 0), 0.72)",0.0
"((0.75, 0), 0.76)",0.0
"((0.75, 0), 0.8)",0.0
"((0.75, 0), 0.84)",0.0
"((0.75, 0), 0.88)",0.0
"((0.75, 0), 0.92)",0.0
"((0.75, 0), 0.96)",0.0
"((0.75, 0), 1.0)",0.0
"((0.75, 0.1), 0.0)",0.0
"((0.75, 0.1), 0.04)",0.0
"((0.75, 0.1), 0.08)",0.0
"((0.75, 0.1), 0.12)",0.0
"((0.75, 0.1), 0.16)",0.0
"((0.75, 0.1), 0.2)",0.0
"((0.75, 0.1), 0.24)",0.0
"((0.75, 0.1), 0.28)",0.0
"((0.75, 0.1), 0.32)",0.0
"((0.75, 0.1), 0.36)",0.0
"((0.75, 0.1), 0.4)",0.0
"((0.75, 0.1), 0.44)",0.0
"((0.75, 0.1), 0.48)",0.0
"((0.75, 0.1), 0.52)",0.0
"((0.75, 0.1), 0.56)",0.0
"((0.75, 0.1), 0.6)",0.0
"((0.75, 0.1), 0.64)",0.0
"((0.75, 0.1), 0.68)",0.0
"((0.75, 0.1), 0.72)",0.0
"((0.75, 0.1), 0.76)",0.0
"((0.75, 0.1), 0.8)",0.0
"((0.75, 0.1), 0.84)",0.0
"((0.75, 0.1), 0.88)",0.0
"((0.75, 0.1), 0.92)",0.0
"((0.75, 0.1), 0.96)",0.0
"((0.75, 0.1), 1.0)",0.0
"((0.75, 0.2), 0.0)",0.0
"((0.75, 0.2), 0.04)",0.0
"((0.75, 0.2), 0.08)",0.0
"((0.75, 0.2), 0.12)",0.0
"((0.75, 0.2), 0.16)",0.0
"((0.75, 0.2), 0.2)",0.0
"((0.75, 0.2), 0.24)",0.0
"((0.75, 0.2), 0.28)",0.0
"((0.75, 0.2), 0.32)",0.0
"((0.75, 0.2), 0.36)",0.0
"((0.75, 0.2), 0.4)",0.0
"((0.75, 0.2), 0.44)",0.0
"((0.75, 0.2), 0.48)",0.0
"((0.75, 0.2), 0.52)",0.0
"((0.75, 0.2), 0.56)",0.0
"((0.75, 0.2), 0.6)",0.0
"((0.75, 0.2), 0.64)",0.0
"((0.75, 0.2), 0.68)",0.0
"((0.75, 0.2), 0.72)",0.0
"((0.75, 0.2), 0.76)",0.0
"((0.75, 0.2), 0.8)",0.0
"((0.75, 0.2), 0.84)",0.0
"((0.75, 0.2), 0.88)",0.0
"((0.75, 0.2), 0.92)",0.0
"((0.75, 0.2), 0.96)",0.0
"((0.75, 0.2), 1.0)",0.0
"((0.75, 0.3), 0.0)",0.0
"((0.75, 0.3), 0.04)",0.0
"((0.75, 0.3), 0.08)",0.0
"((0.75, 0.3), 0.12)",0.0
"((0.75, 0.3), 0.16)",0.0
"((0.75, 0.3), 0.2)",0.0
"((0.75, 0.3), 0.24)",0.0
"((0.75, 0.3), 0.28)",0.0
"((0.75, 0.3), 0.32)",0.0
"((0.75, 0.3), 0.36)",0.0
"((0.75, 0.3), 0.4)",0.0
"((0.75, 0.3), 0.44)",0.0
"((0.75, 0.3), 0.48)",0.0
"((0.75, 0.3), 0.52)",0.0
"((0.75, 0.3), 0.56)",0.0
"((0.75, 0.3), 0.6)",0.0
"((0.75, 0.3), 0.64)",0.0
"((0.75, 0.3), 0.68)",0.0
"((0.75, 0.3), 0.72)",0.0
"((0.75, 0.3), 0.76)",0.0
"((0.75, 0.3), 0.8)",0.0
"((0.75, 0.3), 0.84)",0.0
"((0.75, 0.3), 0.88)",0.0
"((0.75, 0.3), 0.92)",0.0
"((0.75, 0.3), 0.96)",0.0
"((0.75, 0.3), 1.0)",0.0
"((0.75, 0.4), 0.0)",0.0
"((0.75, 0.4), 0.04)",0.0
"((0.75, 0.4), 0.08)",0.0
"((0.75, 0.4), 0.12)",0.0
"((0.75, 0.4), 0.16)",0.0
"((0.75, 0.4), 0.2)",0.0
"((0.75, 0.4), 0.24)",0.0
"((0.75, 0.4), 0.28)",0.0
"((0.75, 0.4), 0.32)",0.0
"((0.75, 0.4), 0.36)",0.0
"((0.75, 0.4), 0.4)",0.0
"((0.75, 0.4), 0.44)",0.0
"((0.75, 0.4), 0.48)",0.0
"((0.75, 0.4), 0.52)",0.0
"((0.75, 0.4), 0.56)",0.0
"((0.75, 0.4), 0.6)",0.0
"((0.75, 0.4), 0.64)",0.0
"((0.75, 0.4), 0.68)",0.0
"((0.75, 0.4), 0.72)",0.0
"((0.75, 0.4), 0.76)",0.0
"((0.75, 0.4), 0.8)",0.0
"((0.75, 0.4), 0.84)",0.0
"((0.75, 0.4), 0.88)",0.0
"((0.75, 0.4), 0.92)",0.0
"((0.75, 0.4), 0.96)",0.0
"((0.75, 0.4), 1.0)",0.0
"((0.75, 0.5), 0.0)",0.0
"((0.75, 0.5), 0.04)",0.0
"((0.75, 0.5), 0.08)",0.0
"((0.75, 0.5), 0.12)",0.0
"((0.75, 0.5), 0.16)",0.0
"((0.75, 0.5), 0.2)",0.0
"((0.75, 0.5), 0.24)",0.0
"((0.75, 0.5), 0.28)",0.0
"((0.75, 0.5), 0.32)",0.0
"((0.75, 0.5), 0.36)",0.0
"((0.75, 0.5), 0.4)",0.0
"((0.75, 0.5), 0.44)",0.0
"((0.75, 0.5), 0.48)",0.0
"((0.75, 0.5), 0.52)",0.0
"((0.75, 0.5), 0.56)",0.0
"((0.75, 0.5), 0.6)",0.0
"((0.75, 0.5), 0.64)",0.0
"((0.75, 0.5), 0.68)",0.0
"((0.75, 0.5), 0.72)",0.0
"((0.75, 0.5), 0.76)",0.0
"((0.75, 0.5), 0.8)",0.0
"((0.75, 0.5), 0.84)",0.0
"((0.75, 0.5), 0.88)",0.0
"((0.75, 0.5), 0.92)",0.0
"((0.75, 0.5), 0.96)",0.0
"((0.75, 0.5), 1.0)",0.0
"((0.75, 0.6), 0.0)",0.0
"((0.75, 0.6), 0.04)",0.0
"((0.75, 0.6), 0.08)",0.0
"((0.75, 0.6), 0.12)",0.0
"((0.75, 0.6), 0.16)",0.0
"((0.75, 0.6), 0.2)",0.0
"((0.75, 0.6), 0.24)",0.0
"((0.75, 0.6), 0.28)",0.0
"((0.75, 0.6), 0.32)",0.0
"((0.75, 0.6), 0.36)",0.0
"((0.75, 0.6), 0.4)",0.0
"((0.75, 0.6), 0.44)",0.0
"((0.75, 0.6), 0.48)",0.0
"((0.75, 0.6), 0.52)",0.0
"((0.75, 0.6), 0.56)",0.0
"((0.75, 0.6), 0.6)",0.0
"((0.75, 0.6), 0.64)",0.0
"((0.75, 0.6), 0.68)",0.0
"((0.75, 0.6), 0.72)",0.0
"((0.75, 0.6), 0.76)",0.0
"((0.75, 0.6), 0.8)",0.0
"((0.75, 0.6), 0.84)",0.0
"((0.75, 0.6), 0.88)",0.0
"((0.75, 0.6), 0.92)",0.0
"((0.75, 0.6), 0.96)",0.0
"((0.75, 0.6), 1.0)",0.0
"((0.75, 0.7), 0.0)",0.0
"((0.75, 0.7), 0.04)",0.0
"((0.75, 0.7), 0.08)",0.0
"((0.75, 0.7), 0.12)",0.0
"((0.75, 0.7), 0.16)",0.0
"((0.75, 0.7), 0.2)",0.0
"((0.75, 0.7), 0.24)",0.0
"((0.75, 0.7), 0.28)",0.0
"((0.75, 0.7), 0.32)",0.0
"((0.75, 0.7), 0.36)",0.0
"((0.75, 0.7), 0.4)",0.0
"((0.75, 0.7), 0.44)",0.0
"((0.75, 0.7), 0.48)",0.0
"((0.75, 0.7), 0.52)",0.0
"((0.75, 0.7), 0.56)",0.0
"((0.75, 0.7), 0.6)",0.0
"((0.75, 0.7), 0.64)",0.0
"((0.75, 0.7), 0.68)",0.0
"((0.75, 0.7), 0.72)",0.0
"((0.75, 0.7), 0.76)",0.0
"((0.75, 0.7), 0.8)",0.0
"((0.75, 0.7), 0.84)",0.0
"((0.75, 0.7), 0.88)",0.0
"((0.75, 0.7), 0.92)",0.0
"((0.75, 0.7), 0.96)",0.0
"((0.75, 0.7), 1.0)",0.0
"((0.75, 0.8), 0.0)",0.0
"((0.75, 0.8), 0.04)",0.0
"((0.75, 0.8), 0.08)",0.0
"((0.75, 0.8), 0.12)",0.0
"((0.75, 0.8), 0.16)",0.0
"((0.75, 0.8), 0.2)",0.0
"((0.75, 0.8), 0.24)",0.0
"((0.75, 0.8), 0.28)",0.0
"((0.75, 0.8), 0.32)",0.0
"((0.75, 0.8), 0.36)",0.0
"((0.75, 0.8), 0.4)",0.0
"((0.75, 0.8), 0.44)",0.0
"((0.75, 0.8), 0.48)",0.0
"((0.75, 0.8), 0.52)",0.0
"((0.75, 0.8), 0.56)",0.0
"((0.75, 0.8), 0.6)",0.0
"((0.75, 0.8), 0.64)",0.0
"((0.75, 0.8), 0.68)",0.0
"((0.75, 0.8), 0.72)",0.0
"((0.75, 0.8), 0.76)",0.0
"((0.75, 0.8), 0.8)",0.0
"((0.75, 0.8), 0.84)",0.0
"((0.75, 0.8), 0.88)",0.0
"((0.75, 0.8), 0.92)",0.0
"((0.75, 0.8), 0.96)",0.0
"((0.75, 0.8), 1.0)",0.0
"((0.75, 0.9), 0.0)",0.0
"((0.75, 0.9), 0.04)",0.0
"((0.75, 0.9), 0.08)",0.0
"((0.75, 0.9), 0.12)",0.0
"((0.75, 0.9), 0.16)",0.0
"((0.75, 0.9), 0.2)",0.0
"((0.75, 0.9), 0.24)",0.0
"((0.75, 0.9), 0.28)",0.0
"((0.75, 0.9), 0.32)",0.0
"((0.75, 0.9), 0.36)",0.0
"((0.75, 0.9), 0.4)",0.0
"((0.75, 0.9), 0.44)",0.0
"((0.75, 0.9), 0.48)",0.0
"((0.75, 0.9), 0.52)",0.0
"((0.75, 0.9), 0.56)",0.0
"((0.75, 0.9), 0.6)",0.0
"((0.75, 0.9), 0.64)",0.0
"((0.75, 0.9), 0.68)",0.0
"((0.75, 0.9), 0.72)",0.0
"((0.75, 0.9), 0.76)",0.0
"((0.75, 0.9), 0.8)",0.0
"((0.75, 0.9), 0.84)",0.0
"((0.75, 0.9), 0.88)",0.0
"((0.75, 0.9), 0.92)",0.0
"((0.75, 0.9), 0.96)",0.0
"((0.75, 0.9), 1.0)",0.0
"((0.75, 1.0), 0.0)",0.0
"((0.75, 1.0), 0.04)",0.0
"((0.75, 1.0), 0.08)",0.0
"((0.75, 1.0), 0.12)",0.0
"((0.75, 1.0), 0.16)",0.0
"((0.75, 1.0), 0.2)",0.0
"((0.75, 1.0), 0.24)",0.0
"((0.75, 1.0), 0.28)",0.0
"((0.75, 1.0), 0.32)",0.0
"((0.75, 1.0), 0.36)",0.0
"((0.75, 1.0), 0.4)",0.0
"((0.75, 1.0), 0.44)",0.0
"((0.75, 1.0), 0.48)",0.0
"((0.75, 1.0), 0.52)",0.0
"((0.75, 1.0), 0.56)",0.0
"((0.75, 1.0), 0.6)",0.0
"((0.75, 1.0), 0.64)",0.0
"((0.75, 1.0), 0.68)",0.0
"((0.75, 1.0), 0.72)",0.0
"((0.75, 1.0), 0.76)",0.0
"((0.75, 1.0), 0.8)",0.0
"((0.75, 1.0), 0.84)",0.0
"((0.75, 1.0), 0.88)",0.0
"((0.75, 1.0), 0.92)",0.0
"((0.75, 1.0), 0.96)",0.0
"((0.75, 1.0), 1.0)",0.0
"((1.0, 0), 0.0)",0.0
"((1.0, 0), 0.04)",0.0
"((1.0, 0), 0.08)",0.0
"((1.0, 0), 0.12)",0.0
"((1.0, 0), 0.16)",0.0
"((1.0, 0), 0.2)",0.0
"((1.0, 0), 0.24)",0.0
"((1.0, 0), 0.28)",0.0
"((1.0, 0), 0.32)",0.0
"((1.0, 0), 0.36)",0.0
"((1.0, 0), 0.4)",0.0
"((1.0, 0), 0.44)",0.0
"((1.0, 0), 0.48)",0.0
"((1.0, 0), 0.52)",0.0
"((1.0, 0), 0.56)",0.0
"((1.0, 0), 0.6)",0.0
"((1.0, 0), 0.64)",0.0
"((1.0, 0), 0.68)",0.0
"((1.0, 0), 0.72)",0.0
"((1.0, 0), 0.76)",0.0
"((1.0, 0), 0.8)",0.0
"((1.0, 0), 0.84)",0.0
"((1.0, 0), 0.88)",0.0
"((1.0, 0), 0.92)",0.0
"((1.0, 0), 0.96)",0.0
"((1.0, 0), 1.0)",0.0
"((1.0, 0.1), 0.0)",0.0
"((1.0, 0.1), 0.04)",0.0
"((1.0, 0.1), 0.08)",0.0
"((1.0, 0.1), 0.12)",0.0
"((1.0, 0.1), 0.16)",0.0
"((1.0, 0.1), 0.2)",0.0
"((1.0, 0.1), 0.24)",0.0
"((1.0, 0.1), 0.28)",0.0
"((1.0, 0.1), 0.32)",0.0
"((1.0, 0.1), 0.36)",0.0
"((1.0, 0.1), 0.4)",0.0
"((1.0, 0.1), 0.44)",0.0
"((1.0, 0.1), 0.48)",0.0
"((1.0, 0.1), 0.52)",0.0
"((1.0, 0.1), 0.56)",0.0
"((1.0, 0.1), 0.6)",0.0
"((1.0, 0.1), 0.64)",0.0
"((1.0, 0.1), 0.68)",0.0
"((1.0, 0.1), 0.72)",0.0
"((1.0, 0.1), 0.76)",0.0
"((1.0, 0.1), 0.8)",0.0
"((1.0, 0.1), 0.84)",0.0
"((1.0, 0.1), 0.88)",0.0
"((1.0, 0.1), 0.92)",0.0
"((1.0, 0.1), 0.96)",0.0
"((1.0, 0.1), 1.0)",0.0
"((1.0, 0.2), 0.0)",0.0
"((1.0, 0.2), 0.04)",0.0
"((1.0, 0.2), 0.08)",0.0
"((1.0, 0.2), 0.12)",0.0
"((1.0, 0.2), 0.16)",0.0
"((1.0, 0.2), 0.2)",0.0
"((1.0, 0.2), 0.24)",0.0
"((1.0, 0.2), 0.28)",0.0
"((1.0, 0.2), 0.32)",0.0
"((1.0, 0.2), 0.36)",0.0
"((1.0, 0.2), 0.4)",0.0
"((1.0, 0.2), 0.44)",0.0
"((1.0, 0.2), 0.48)",0.0
"((1.0, 0.2), 0.52)",0.0
"((1.0, 0.2), 0.56)",0.0
"((1.0, 0.2), 0.6)",0.0
"((1.0, 0.2), 0.64)",0.0
"((1.0, 0.2), 0.68)",0.0
"((1.0, 0.2), 0.72)",0.0
"((1.0, 0.2), 0.76)",0.0
"((1.0, 0.2), 0.8)",0.0
"((1.0, 0.2), 0.84)",0.0
"((1.0, 0.2), 0.88)",0.0
"((1.0, 0.2), 0.92)",0.0
"((1.0, 0.2), 0.96)",0.0
"((1.0, 0.2), 1.0)",0.0
"((1.0, 0.3), 0.0)",0.0
"((1.0, 0.3), 0.04)",0.0
"((1.0, 0.3), 0.08)",0.0
"((1.0, 0.3), 0.12)",0.0
"((1.0, 0.3), 0.16)",0.0
"((1.0, 0.3), 0.2)",0.0
"((1.0, 0.3), 0.24)",0.0
"((1.0, 0.3), 0.28)",0.0
"((1.0, 0.3), 0.32)",0.0
"((1.0, 0.3), 0.36)",0.0
"((1.0, 0.3), 0.4)",0.0
"((1.0, 0.3), 0.44)",0.0
"((1.0, 0.3), 0.48)",0.0
"((1.0, 0.3), 0.52)",0.0
"((1.0, 0.3), 0.56)",0.0
"((1.0, 0.3), 0.6)",0.0
"((1.0, 0.3), 0.64)",0.0
"((1.0, 0.3), 0.68)",0.0
"((1.0, 0.3), 0.72)",0.0
"((1.0, 0.3), 0.76)",0.0
"((1.0, 0.3), 0.8)",0.0
"((1.0, 0.3), 0.84)",0.0
"((1.0, 0.3), 0.88)",0.0
"((1.0, 0.3), 0.92)",0.0
"((1.0, 0.3), 0.96)",0.0
"((1.0, 0.3), 1.0)",0.0
"((1.0, 0.4), 0.0)",0.0
"((1.0, 0.4), 0.04)",0.0
"((1.0, 0.4), 0.08)",0.0
"((1.0, 0.4), 0.12)",0.0
"((1.0, 0.4), 0.16)",0.0
"((1.0, 0.4), 0.2)",0.0
"((1.0, 0.4), 0.24)",0.0
"((1.0, 0.4), 0.28)",0.0
"((1.0, 0.4), 0.32)",0.0
"((1.0, 0.4), 0.36)",0.0
"((1.0, 0.4), 0.4)",0.0
"((1.0, 0.4), 0.44)",0.0
"((1.0, 0.4), 0.48)",0.0
"((1.0, 0.4), 0.52)",0.0
"((1.0, 0.4), 0.56)",0.0
"((1.0, 0.4), 0.6)",0.0
"((1.0, 0.4), 0.64)",0.0
"((1.0, 0.4), 0.68)",0.0
"((1.0, 0.4), 0.72)",0.0
"((1.0, 0.4), 0.76)",0.0
"((1.0, 0.4), 0.8)",0.0
"((1.0, 0.4), 0.84)",0.0
"((1.0, 0.4), 0.88)",0.0
"((1.0, 0.4), 0.92)",0.0
"((1.0, 0.4), 0.96)",0.0
"((1.0, 0.4), 1.0)",0.0
"((1.0, 0.5), 0.0)",0.0
"((1.0, 0.5), 0.04)",0.0
"((1.0, 0.5), 0.08)",0.0
"((1.0, 0.5), 0.12)",0.0
"((1.0, 0.5), 0.16)",0.0
"((1.0, 0.5), 0.2)",0.0
"((1.0, 0.5), 0.24)",0.0
"((1.0, 0.5), 0.28)",0.0
"((1.0, 0.5), 0.32)",0.0
"((1.0, 0.5), 0.36)",0.0
"((1.0, 0.5), 0.4)",0.0
"((1.0, 0.5), 0.44)",0.0
"((1.0, 0.5), 0.48)",0.0
"((1.0, 0.5), 0.52)",0.0
"((1.0, 0.5), 0.56)",0.0
"((1.0, 0.5), 0.6)",0.0
"((1.0, 0.5), 0.64)",0.0
"((1.0, 0.5), 0.68)",0.0
"((1.0, 0.5), 0.72)",0.0
"((1.0, 0.5), 0.76)",0.0
"((1.0, 0.5), 0.8)",0.0
"((1.0, 0.5), 0.84)",0.0
"((1.0, 0.5), 0.88)",0.0
"((1.0, 0.5), 0.92)",0.0
"((1.0, 0.5), 0.96)",0.0
"((1.0, 0.5), 1.0)",0.0
"((1.0, 0.6), 0.0)",0.0
"((1.0, 0.6), 0.04)",0.0
"((1.0, 0.6), 0.08)",0.0
"((1.0, 0.6), 0.12)",0.0
"((1.0, 0.6), 0.16)",0.0
"((1.0, 0.6), 0.2)",0.0
"((1.0, 0.6), 0.24)",0.0
"((1.0, 0.6), 0.28)",0.0
"((1.0, 0.6), 0.32)",0.0
"((1.0, 0.6), 0.36)",0.0
"((1.0, 0.6), 0.4)",0.0
"((1.0, 0.6), 0.44)",0.0
"((1.0, 0.6), 0.48)",0.0
"((1.0, 0.6), 0.52)",0.0
"((1.0, 0.6), 0.56)",0.0
"((1.0, 0.6), 0.6)",0.0
"((1.0, 0.6), 0.64)",0.0
"((1.0, 0.6), 0.68)",0.0
"((1.0, 0.6), 0.72)",0.0
"((1.0, 0.6), 0.76)",0.0
"((1.0, 0.6), 0.8)",0.0
"((1.0, 0.6), 0.84)",0.0
"((1.0, 0.6), 0.88)",0.0
"((1.0, 0.6), 0.92)",0.0
"((1.0, 0.6), 0.96)",0.0
"((1.0, 0.6), 1.0)",0.0
"((1.0, 0.7), 0.0)",0.0
"((1.0, 0.7), 0.04)",0.0
"((1.0, 0.7), 0.08)",0.0
"((1.0, 0.7), 0.12)",0.0
"((1.0, 0.7), 0.16)",0.0
"((1.0, 0.7), 0.2)",0.0
"((1.0, 0.7), 0.24)",0.0
"((1.0, 0.7), 0.28)",0.0
"((1.0, 0.7), 0.32)",0.0
"((1.0, 0.7), 0.36)",0.0
"((1.0, 0.7), 0.4)",0.0
"((1.0, 0.7), 0.44)",0.0
"((1.0, 0.7), 0.48)",0.0
"((1.0, 0.7), 0.52)",0.0
"((1.0, 0.7), 0.56)",0.0
"((1.0, 0.7), 0.6)",0.0
"((1.0, 0.7), 0.64)",0.0
"((1.0, 0.7), 0.68)",0.0
"((1.0, 0.7), 0.72)",0.0
"((1.0, 0.7), 0.76)",0.0
"((1.0, 0.7), 0.8)",0.0
"((1.0, 0.7), 0.84)",0.0
"((1.0, 0.7), 0.88)",0.0
"((1.0, 0.7), 0.92)",0.0
"((1.0, 0.7), 0.96)",0.0
"((1.0, 0.7), 1.0)",0.0
"((1.0, 0.8), 0.0)",0.0
"((1.0, 0.8), 0.04)",0.0
"((1.0, 0.8), 0.08)",0.0
"((1.0, 0.8), 0.12)",0.0
"((1.0, 0.8), 0.16)",0.0
"((1.0, 0.8), 0.2)",0.0
"((1.0, 0.8), 0.24)",0.0
"((1.0, 0.8), 0.28)",0.0
"((1.0, 0.8), 0.32)",0.0
"((1.0, 0.8), 0.36)",0.0
"((1.0, 0.8), 0.4)",0.0
"((1.0, 0.8), 0.44)",0.0
"((1.0, 0.8), 0.48)",0.0
"((1.0, 0.8), 0.52)",0.0
"((1.0, 0.8), 0.56)",0.0
"((1.0, 0.8), 0.6)",0.0
"((1.0, 0.8), 0.64)",0.0
"((1.0, 0.8), 0.68)",0.0
"((1.0, 0.8), 0.72)",0.0
"((1.0, 0.8), 0.76)",0.0
"((1.0, 0.8), 0.8)",0.0
"((1.0, 0.8), 0.84)",0.0
"((1.0, 0.8), 0.88)",0.0
"((1.0, 0.8), 0.92)",0.0
"((1.0, 0.8), 0.96)",0.0
"((1.0, 0.8), 1.0)",0.0
"((1.0, 0.9), 0.0)",0.0
"((1.0, 0.9), 0.04)",0.0
"((1.0, 0.9), 0.08)",0.0
"((1.0, 0.9), 0.12)",0.0
"((1.0, 0.9), 0.16)",0.0
"((1.0, 0.9), 0.2)",0.0
"((1.0, 0.9), 0.24)",0.0
"((1.0, 0.9), 0.28)",0.0
"((1.0, 0.9), 0.32)",0.0
"((1.0, 0.9), 0.36)",0.0
"((1.0, 0.9), 0.4)",0.0
"((1.0, 0.9), 0.44)",0.0
"((1.0, 0.9), 0.48)",0.0
"((1.0, 0.9), 0.52)",0.0
"((1.0, 0.9), 0.56)",0.0
"((1.0, 0.9), 0.6)",0.0
"((1.0, 0.9), 0.64)",0.0
"((1.0, 0.9), 0.68)",0.0
"((1.0, 0.9), 0.72)",0.0
"((1.0, 0.9), 0.76)",0.0
"((1.0, 0.9), 0.8)",0.0
"((1.0, 0.9), 0.84)",0.0
"((1.0, 0.9), 0.88)",0.0
"((1.0, 0.9), 0.92)",0.0
"((1.0, 0.9), 0.96)",0.0
"((1.0, 0.9), 1.0)",0.0
"((1.0, 1.0), 0.0)",0.0
"((1.0, 1.0), 0.04)",0.0
"((1.0, 1.0), 0.08)",0.0
"((1.0, 1.0), 0.12)",0.0
"((1.0, 1.0), 0.16)",0.0
"((1.0, 1.0), 0.2)",0.0
"((1.0, 1.0), 0.24)",0.0
"((1.0, 1.0), 0.28)",0.0
"((1.0, 1.0), 0.32)",0.0
"((1.0, 1.0), 0.36)",0.0
"((1.0, 1.0), 0.4)",0.0
"((1.0, 1.0), 0.44)",0.0
"((1.0, 1.0), 0.48)",0.0
"((1.0, 1.0), 0.52)",0.0
"((1.0, 1.0), 0.56)",0.0
"((1.0, 1.0), 0.6)",0.0
"((1.0, 1.0), 0.64)",0.0
"((1.0, 1.0), 0.68)",0.0
"((1.0, 1.0), 0.72)",0.0
"((1.0, 1.0), 0.76)",0.0
"((1.0, 1.0), 0.8)",0.0
"((1.0, 1.0), 0.84)",0.0
"((1.0, 1.0), 0.88)",0.0
"((1.0, 1.0), 0.92)",0.0
"((1.0, 1.0), 0.96)",0.0
"((1.0, 1.0), 1.0)",0.0
"((1.25, 0), 0.0)",0.0
"((1.25, 0), 0.04)",0.0
"((1.25, 0), 0.08)",0.0
"((1.25, 0), 0.12)",0.0
"((1.25, 0), 0.16)",0.0
"((1.25, 0), 0.2)",0.0
"((1.25, 0), 0.24)",0.0
"((1.25, 0), 0.28)",0.0
"((1.25, 0), 0.32)",0.0
"((1.25, 0), 0.36)",0.0
"((1.25, 0), 0.4)",0.0
"((1.25, 0), 0.44)",0.0
"((1.25, 0), 0.48)",0.0
"((1.25, 0), 0.52)",0.0
"((1.25, 0), 0.56)",0.0
"((1.25, 0), 0.6)",0.0
"((1.25, 0), 0.64)",0.0
"((1.25, 0), 0.68)",0.0
"((1.25, 0), 0.72)",0.0
"((1.25, 0), 0.76)",0.0
"((1.25, 0), 0.8)",0.0
"((1.25, 0), 0.84)",0.0
"((1.25, 0), 0.88)",0.0
"((1.25, 0), 0.92)",0.0
"((1.25, 0), 0.96)",0.0
"((1.25, 0), 1.0)",0.0
"((1.25, 0.1), 0.0)",0.0
"((1.25, 0.1), 0.04)",0.0
"((1.25, 0.1), 0.08)",0.0
"((1.25, 0.1), 0.12)",0.0
"((1.25, 0.1), 0.16)",0.0
"((1.25, 0.1), 0.2)",0.0
"((1.25, 0.1), 0.24)",0.0
"((1.25, 0.1), 0.28)",0.0
"((1.25, 0.1), 0.32)",0.0
"((1.25, 0.1), 0.36)",0.0
"((1.25, 0.1), 0.4)",0.0
"((1.25, 0.1), 0.44)",0.0
"((1.25, 0.1), 0.48)",0.0
"((1.25, 0.1), 0.52)",0.0
"((1.25, 0.1), 0.56)",0.0
"((1.25, 0.1), 0.6)",0.0
"((1.25, 0.1), 0.64)",0.0
"((1.25, 0.1), 0.68)",0.0
"((1.25, 0.1), 0.72)",0.0
"((1.25, 0.1), 0.76)",0.0
"((1.25, 0.1), 0.8)",0.0
"((1.25, 0.1), 0.84)",0.0
"((1.25, 0.1), 0.88)",0.0
"((1.25, 0.1), 0.92)",0.0
"((1.25, 0.1), 0.96)",0.0
"((1.25, 0.1), 1.0)",0.0
"((1.25, 0.2), 0.0)",0.0
"((1.25, 0.2), 0.04)",0.0
"((1.25, 0.2), 0.08)",0.0
"((1.25, 0.2), 0.12)",0.0
"((1.25, 0.2), 0.16)",0.0
"((1.25, 0.2), 0.2)",0.0
"((1.25, 0.2), 0.24)",0.0
"((1.25, 0.2), 0.28)",0.0
"((1.25, 0.2), 0.32)",0.0
"((1.25, 0.2), 0.36)",0.0
"((1.25, 0.2), 0.4)",0.0
"((1.25, 0.2), 0.44)",0.0
"((1.25, 0.2), 0.48)",0.0
"((1.25, 0.2), 0.52)",0.0
"((1.25, 0.2), 0.56)",0.0
"((1.25, 0.2), 0.6)",0.0
"((1.25, 0.2), 0.64)",0.0
"((1.25, 0.2), 0.68)",0.0
"((1.25, 0.2), 0.72)",0.0
"((1.25, 0.2), 0.76)",0.0
"((1.25, 0.2), 0.8)",0.0
"((1.25, 0.2), 0.84)",0.0
"((1.25, 0.2), 0.88)",0.0
"((1.25, 0.2), 0.92)",0.0
"((1.25, 0.2), 0.96)",0.0
"((1.25, 0.2), 1.0)",0.0
"((1.25, 0.3), 0.0)",0.0
"((1.25, 0.3), 0.04)",0.0
"((1.25, 0.3), 0.08)",0.0
"((1.25, 0.3), 0.12)",0.0
"((1.25, 0.3), 0.16)",0.0
"((1.25, 0.3), 0.2)",0.0
"((1.25, 0.3), 0.24)",0.0
"((1.25, 0.3), 0.28)",0.0
"((1.25, 0.3), 0.32)",0.0
"((1.25, 0.3), 0.36)",0.0
"((1.25, 0.3), 0.4)",0.0
"((1.25, 0.3), 0.44)",0.0
"((1.25, 0.3), 0.48)",0.0
"((1.25, 0.3), 0.52)",0.0
"((1.25, 0.3), 0.56)",0.0
"((1.25, 0.3), 0.6)",0.0
"((1.25, 0.3), 0.64)",0.0
"((1.25, 0.3), 0.68)",0.0
"((1.25, 0.3), 0.72)",0.0
"((1.25, 0.3), 0.76)",0.0
"((1.25, 0.3), 0.8)",0.0
"((1.25, 0.3), 0.84)",0.0
"((1.25, 0.3), 0.88)",0.0
"((1.25, 0.3), 0.92)",0.0
"((1.25, 0.3), 0.96)",0.0
"((1.25, 0.3), 1.0)",0.0
"((1.25, 0.4), 0.0)",0.0
"((1.25, 0.4), 0.04)",0.0
"((1.25, 0.4), 0.08)",0.0
"((1.25, 0.4), 0.12)",0.0
"((1.25, 0.4), 0.16)",0.0
"((1.25, 0.4), 0.2)",0.0
"((1.25, 0.4), 0.24)",0.0
"((1.25, 0.4), 0.28)",0.0
"((1.25, 0.4), 0.32)",0.0
"((1.25, 0.4), 0.36)",0.0
"((1.25, 0.4), 0.4)",0.0
"((1.25, 0.4), 0.44)",0.0
"((1.25, 0.4), 0.48)",0.0
"((1.25, 0.4), 0.52)",0.0
"((1.25, 0.4), 0.56)",0.0
"((1.25, 0.4), 0.6)",0.0
"((1.25, 0.4), 0.64)",0.0
"((1.25, 0.4), 0.68)",0.0
"((1.25, 0.4), 0.72)",0.0
"((1.25, 0.4), 0.76)",0.0
"((1.25, 0.4), 0.8)",0.0
"((1.25, 0.4), 0.84)",0.0
"((1.25, 0.4), 0.88)",0.0
"((1.25, 0.4), 0.92)",0.0
"((1.25, 0.4), 0.96)",0.0
"((1.25, 0.4), 1.0)",0.0
"((1.25, 0.5), 0.0)",0.0
"((1.25, 0.5), 0.04)",0.0
"((1.25, 0.5), 0.08)",0.0
"((1.25, 0.5), 0.12)",0.0
"((1.25, 0.5), 0.16)",0.0
"((1.25, 0.5), 0.2)",0.0
"((1.25, 0.5), 0.24)",0.0
"((1.25, 0.5), 0.28)",0.0
"((1.25, 0.5), 0.32)",0.0
"((1.25, 0.5), 0.36)",0.0
"((1.25, 0.5), 0.4)",0.0
"((1.25, 0.5), 0.44)",0.0
"((1.25, 0.5), 0.48)",0.0
"((1.25, 0.5), 0.52)",0.0
"((1.25, 0.5), 0.56)",0.0
"((1.25, 0.5), 0.6)",0.0
"((1.25, 0.5), 0.64)",0.0
"((1.25, 0.5), 0.68)",0.0
"((1.25, 0.5), 0.72)",0.0
"((1.25, 0.5), 0.76)",0.0
"((1.25, 0.5), 0.8)",0.0
"((1.25, 0.5), 0.84)",0.0
"((1.25, 0.5), 0.88)",0.0
"((1.25, 0.5), 0.92)",0.0
"((1.25, 0.5), 0.96)",0.0
"((1.25, 0.5), 1.0)",0.0
"((1.25, 0.6), 0.0)",0.0
"((1.25, 0.6), 0.04)",0.0
"((1.25, 0.6), 0.08)",0.0
"((1.25, 0.6), 0.12)",0.0
"((1.25, 0.6), 0.16)",0.0
"((1.25, 0.6), 0.2)",0.0
"((1.25, 0.6), 0.24)",0.0
"((1.25, 0.6), 0.28)",0.0
"((1.25, 0.6), 0.32)",0.0
"((1.25, 0.6), 0.36)",0.0
"((1.25, 0.6), 0.4)",0.0
"((1.25, 0.6), 0.44)",0.0
"((1.25, 0.6), 0.48)",0.0
"((1.25, 0.6), 0.52)",0.0
"((1.25, 0.6), 0.56)",0.0
"((1.25, 0.6), 0.6)",0.0
"((1.25, 0.6), 0.64)",0.0
"((1.25, 0.6), 0.68)",0.0
"((1.25, 0.6), 0.72)",0.0
"((1.25, 0.6), 0.76)",0.0
"((1.25, 0.6), 0.8)",0.0
"((1.25, 0.6), 0.84)",0.0
"((1.25, 0.6), 0.88)",0.0
"((1.25, 0.6), 0.92)",0.0
"((1.25, 0.6), 0.96)",0.0
"((1.25, 0.6), 1.0)",0.0
"((1.25, 0.7), 0.0)",0.0
"((1.25, 0.7), 0.04)",0.0
"((1.25, 0.7), 0.08)",0.0
"((1.25, 0.7), 0.12)",0.0
"((1.25, 0.7), 0.16)",0.0
"((1.25, 0.7), 0.2)",0.0
"((1.25, 0.7), 0.24)",0.0
"((1.25, 0.7), 0.28)",0.0
"((1.25, 0.7), 0.32)",0.0
"((1.25, 0.7), 0.36)",0.0
"((1.25, 0.7), 0.4)",0.0
"((1.25, 0.7), 0.44)",0.0
"((1.25, 0.7), 0.48)",0.0
"((1.25, 0.7), 0.52)",0.0
"((1.25, 0.7), 0.56)",0.0
"((1.25, 0.7), 0.6)",0.0
"((1.25, 0.7), 0.64)",0.0
"((1.25, 0.7), 0.68)",0.0
"((1.25, 0.7), 0.72)",0.0
"((1.25, 0.7), 0.76)",0.0
"((1.25, 0.7), 0.8)",0.0
"((1.25, 0.7), 0.84)",0.0
"((1.25, 0.7), 0.88)",0.0
"((1.25, 0.7), 0.92)",0.0
"((1.25, 0.7), 0.96)",0.0
"((1.25, 0.7), 1.0)",0.0
"((1.25, 0.8), 0.0)",0.0
"((1.25, 0.8), 0.04)",0.0
"((1.25, 0.8), 0.08)",0.0
"((1.25, 0.8), 0.12)",0.0
"((1.25, 0.8), 0.16)",0.0
"((1.25, 0.8), 0.2)",0.0
"((1.25, 0.8), 0.24)",0.0
"((1.25, 0.8), 0.28)",0.0
"((1.25, 0.8), 0.32)",0.0
"((1.25, 0.8), 0.36)",0.0
"((1.25, 0.8), 0.4)",0.0
"((1.25, 0.8), 0.44)",0.0
"((1.25, 0.8), 0.48)",0.0
"((1.25, 0.8), 0.52)",0.0
"((1.25, 0.8), 0.56)",0.0
"((1.25, 0.8), 0.6)",0.0
"((1.25, 0.8), 0.64)",0.0
"((1.25, 0.8), 0.68)",0.0
"((1.25, 0.8), 0.72)",0.0
"((1.25, 0.8), 0.76)",0.0
"((1.25, 0.8), 0.8)",0.0
"((1.25, 0.8), 0.84)",0.0
"((1.25, 0.8), 0.88)",0.0
"((1.25, 0.8), 0.92)",0.0
"((1.25, 0.8), 0.96)",0.0
"((1.25, 0.8), 1.0)",0.0
"((1.25, 0.9), 0.0)",0.0
"((1.25, 0.9), 0.04)",0.0
"((1.25, 0.9), 0.08)",0.0
"((1.25, 0.9), 0.12)",0.0
"((1.25, 0.9), 0.16)",0.0
"((1.25, 0.9), 0.2)",0.0
"((1.25, 0.9), 0.24)",0.0
"((1.25, 0.9), 0.28)",0.0
"((1.25, 0.9), 0.32)",0.0
"((1.25, 0.9), 0.36)",0.0
"((1.25, 0.9), 0.4)",0.0
"((1.25, 0.9), 0.44)",0.0
"((1.25, 0.9), 0.48)",0.0
"((1.25, 0.9), 0.52)",0.0
"((1.25, 0.9), 0.56)",0.0
"((1.25, 0.9), 0.6)",0.0
"((1.25, 0.9), 0.64)",0.0
"((1.25, 0.9), 0.68)",0.0
"((1.25, 0.9), 0.72)",0.0
"((1.25, 0.9), 0.76)",0.0
"((1.25, 0.9), 0.8)",0.0
"((1.25, 0.9), 0.84)",0.0
"((1.25, 0.9), 0.88)",0.0
"((1.25, 0.9), 0.92)",0.0
"((1.25, 0.9), 0.96)",0.0
"((1.25, 0.9), 1.0)",0.0
"((1.25, 1.0), 0.0)",0.0
"((1.25, 1.0), 0.04)",0.0
"((1.25, 1.0), 0.08)",0.0
"((1.25, 1.0), 0.12)",0.0
"((1.25, 1.0), 0.16)",0.0
"((1.25, 1.0), 0.2)",0.0
"((1.25, 1.0), 0.24)",0.0
"((1.25, 1.0), 0.28)",0.0
"((1.25, 1.0), 0.32)",0.0
"((1.25, 1.0), 0.36)",0.0
"((1.25, 1.0), 0.4)",0.0
"((1.25, 1.0), 0.44)",0.0
"((1.25, 1.0), 0.48)",0.0
"((1.25, 1.0), 0.52)",0.0
"((1.25, 1.0), 0.56)",0.0
"((1.25, 1.0), 0.6)",0.0
"((1.25, 1.0), 0.64)",0.0
"((1.25, 1.0), 0.68)",0.0
"((1.25, 1.0), 0.72)",0.0
"((1.25, 1.0), 0.76)",0.0
"((1.25, 1.0), 0.8)",0.0
"((1.25, 1.0), 0.84)",0.0
"((1.25, 1.0), 0.88)",0.0
"((1.25, 1.0), 0.92)",0.0
"((1.25, 1.0), 0.96)",0.0
"((1.25, 1.0), 1.0)",0.0
"((1.5, 0), 0.0)",0.0
"((1.5, 0), 0.04)",0.0
"((1.5, 0), 0.08)",0.0
"((1.5, 0), 0.12)",0.0
"((1.5, 0), 0.16)",0.0
"((1.5, 0), 0.2)",0.0
"((1.5, 0), 0.24)",0.0
"((1.5, 0), 0.28)",0.0
"((1.5, 0), 0.32)",0.0
"((1.5, 0), 0.36)",0.0
"((1.5, 0), 0.4)",0.0
"((1.5, 0), 0.44)",0.0
"((1.5, 0), 0.48)",0.0
"((1.5, 0), 0.52)",0.0
"((1.5, 0), 0.56)",0.0
"((1.5, 0), 0.6)",0.0
"((1.5, 0), 0.64)",0.0
"((1.5, 0), 0.68)",0.0
"((1.5, 0), 0.72)",0.0
"((1.5, 0), 0.76)",0.0
"((1.5, 0), 0.8)",0.0
"((1.5, 0), 0.84)",0.0
"((1.5, 0), 0.88)",0.0
"((1.5, 0), 0.92)",0.0
"((1.5, 0), 0.96)",0.0
"((1.5, 0), 1.0)",0.0
"((1.5, 0.1), 0.0)",0.0
"((1.5, 0.1), 0.04)",0.0
"((1.5, 0.1), 0.08)",0.0
"((1.5, 0.1), 0.12)",0.0
"((1.5, 0.1), 0.16)",0.0
"((1.5, 0.1), 0.2)",0.0
"((1.5, 0.1), 0.24)",0.0
"((1.5, 0.1), 0.28)",0.0
"((1.5, 0.1), 0.32)",0.0
"((1.5, 0.1), 0.36)",0.0
"((1.5, 0.1), 0.4)",0.0
"((1.5, 0.1), 0.44)",0.0
"((1.5, 0.1), 0.48)",0.0
"((1.5, 0.1), 0.52)",0.0
"((1.5, 0.1), 0.56)",0.0
"((1.5, 0.1), 0.6)",0.0
"((1.5, 0.1), 0.64)",0.0
"((1.5, 0.1), 0.68)",0.0
"((1.5, 0.1), 0.72)",0.0
"((1.5, 0.1), 0.76)",0.0
"((1.5, 0.1), 0.8)",0.0
"((1.5, 0.1), 0.84)",0.0
"((1.5, 0.1), 0.88)",0.0
"((1.5, 0.1), 0.92)",0.0
"((1.5, 0.1), 0.96)",0.0
"((1.5, 0.1), 1.0)",0.0
"((1.5, 0.2), 0.0)",0.0
"((1.5, 0.2), 0.04)",0.0
"((1.5, 0.2), 0.08)",0.0
"((1.5, 0.2), 0.12)",0.0
"((1.5, 0.2), 0.16)",0.0
"((1.5, 0.2), 0.2)",0.0
"((1.5, 0.2), 0.24)",0.0
"((1.5, 0.2), 0.28)",0.0
"((1.5, 0.2), 0.32)",0.0
"((1.5, 0.2), 0.36)",0.0
"((1.5, 0.2), 0.4)",0.0
"((1.5, 0.2), 0.44)",0.0
"((1.5, 0.2), 0.48)",0.0
"((1.5, 0.2), 0.52)",0.0
"((1.5, 0.2), 0.56)",0.0
"((1.5, 0.2), 0.6)",0.0
"((1.5, 0.2), 0.64)",0.0
"((1.5, 0.2), 0.68)",0.0
"((1.5, 0.2), 0.72)",0.0
"((1.5, 0.2), 0.76)",0.0
"((1.5, 0.2), 0.8)",0.0
"((1.5, 0.2), 0.84)",0.0
"((1.5, 0.2), 0.88)",0.0
"((1.5, 0.2), 0.92)",0.0
"((1.5, 0.2), 0.96)",0.0
"((1.5, 0.2), 1.0)",0.0
"((1.5, 0.3), 0.0)",0.0
"((1.5, 0.3), 0.04)",0.0
"((1.5, 0.3), 0.08)",0.0
"((1.5, 0.3), 0.12)",0.0
"((1.5, 0.3), 0.16)",0.0
"((1.5, 0.3), 0.2)",0.0
"((1.5, 0.3), 0.24)",0.0
"((1.5, 0.3), 0.28)",0.0
"((1.5, 0.3), 0.32)",0.0
"((1.5, 0.3), 0.36)",0.0
"((1.5, 0.3), 0.4)",0.0
"((1.5, 0.3), 0.44)",0.0
"((1.5, 0.3), 0.48)",0.0
"((1.5, 0.3), 0.52)",0.0
"((1.5, 0.3), 0.56)",0.0
"((1.5, 0.3), 0.6)",0.0
"((1.5, 0.3), 0.64)",0.0
"((1.5, 0.3), 0.68)",0.0
"((1.5, 0.3), 0.72)",0.0
"((1.5, 0.3), 0.76)",0.0
"((1.5, 0.3), 0.8)",0.0
"((1.5, 0.3), 0.84)",0.0
"((1.5, 0.3), 0.88)",0.0
"((1.5, 0.3), 0.92)",0.0
"((1.5, 0.3), 0.96)",0.0
"((1.5, 0.3), 1.0)",0.0
"((1.5, 0.4), 0.0)",0.0
"((1.5, 0.4), 0.04)",0.0
"((1.5, 0.4), 0.08)",0.0
"((1.5, 0.4), 0.12)",0.0
"((1.5, 0.4), 0.16)",0.0
"((1.5, 0.4), 0.2)",0.0
"((1.5, 0.4), 0.24)",0.0
"((1.5, 0.4), 0.28)",0.0
"((1.5, 0.4), 0.32)",0.0
"((1.5, 0.4), 0.36)",0.0
"((1.5, 0.4), 0.4)",0.0
"((1.5, 0.4), 0.44)",0.0
"((1.5, 0.4), 0.48)",0.0
"((1.5, 0.4), 0.52)",0.0
"((1.5, 0.4), 0.56)",0.0
"((1.5, 0.4), 0.6)",0.0
"((1.5, 0.4), 0.64)",0.0
"((1.5, 0.4), 0.68)",0.0
"((1.5, 0.4), 0.72)",0.0
"((1.5, 0.4), 0.76)",0.0
"((1.5, 0.4), 0.8)",0.0
"((1.5, 0.4), 0.84)",0.0
"((1.5, 0.4), 0.88)",0.0
"((1.5, 0.4), 0.92)",0.0
"((1.5, 0.4), 0.96)",0.0
"((1.5, 0.4), 1.0)",0.0
"((1.5, 0.5), 0.0)",0.0
"((1.5, 0.5), 0.04)",0.0
"((1.5, 0.5), 0.08)",0.0
"((1.5, 0.5), 0.12)",0.0
"((1.5, 0.5), 0.16)",0.0
"((1.5, 0.5), 0.2)",0.0
"((1.5, 0.5), 0.24)",0.0
"((1.5, 0.5), 0.28)",0.0
"((1.5, 0.5), 0.32)",0.0
"((1.5, 0.5), 0.36)",0.0
"((1.5, 0.5), 0.4)",0.0
"((1.5, 0.5), 0.44)",0.0
"((1.5, 0.5), 0.48)",0.0
"((1.5, 0.5), 0.52)",0.0
"((1.5, 0.5), 0.56)",0.0
"((1.5, 0.5), 0.6)",0.0
"((1.5, 0.5), 0.64)",0.0
"((1.5, 0.5), 0.68)",0.0
"((1.5, 0.5), 0.72)",0.0
"((1.5, 0.5), 0.76)",0.0
"((1.5, 0.5), 0.8)",0.0
"((1.5, 0.5), 0.84)",0.0
"((1.5, 0.5), 0.88)",0.0
"((1.5, 0.5), 0.92)",0.0
"((1.5, 0.5), 0.96)",0.0
"((1.5, 0.5), 1.0)",0.0
"((1.5, 0.6), 0.0)",0.0
"((1.5, 0.6), 0.04)",0.0
"((1.5, 0.6), 0.08)",0.0
"((1.5, 0.6), 0.12)",0.0
"((1.5, 0.6), 0.16)",0.0
"((1.5, 0.6), 0.2)",0.0
"((1.5, 0.6), 0.24)",0.0
"((1.5, 0.6), 0.28)",0.0
"((1.5, 0.6), 0.32)",0.0
"((1.5, 0.6), 0.36)",0.0
"((1.5, 0.6), 0.4)",0.0
"((1.5, 0.6), 0.44)",0.0
"((1.5, 0.6), 0.48)",0.0
"((1.5, 0.6), 0.52)",0.0
"((1.5, 0.6), 0.56)",0.0
"((1.5, 0.6), 0.6)",0.0
"((1.5, 0.6), 0.64)",0.0
"((1.5, 0.6), 0.68)",0.0
"((1.5, 0.6), 0.72)",0.0
"((1.5, 0.6), 0.76)",0.0
"((1.5, 0.6), 0.8)",0.0
"((1.5, 0.6), 0.84)",0.0
"((1.5, 0.6), 0.88)",0.0
"((1.5, 0.6), 0.92)",0.0
"((1.5, 0.6), 0.96)",0.0
"((1.5, 0.6), 1.0)",0.0
"((1.5, 0.7), 0.0)",0.0
"((1.5, 0.7), 0.04)",0.0
"((1.5, 0.7), 0.08)",0.0
"((1.5, 0.7), 0.12)",0.0
"((1.5, 0.7), 0.16)",0.0
"((1.5, 0.7), 0.2)",0.0
"((1.5, 0.7), 0.24)",0.0
"((1.5, 0.7), 0.28)",0.0
"((1.5, 0.7), 0.32)",0.0
"((1.5, 0.7), 0.36)",0.0
"((1.5, 0.7), 0.4)",0.0
"((1.5, 0.7), 0.44)",0.0
"((1.5, 0.7), 0.48)",0.0
"((1.5, 0.7), 0.52)",0.0
"((1.5, 0.7), 0.56)",0.0
"((1.5, 0.7), 0.6)",0.0
"((1.5, 0.7), 0.64)",0.0
"((1.5, 0.7), 0.68)",0.0
"((1.5, 0.7), 0.72)",0.0
"((1.5, 0.7), 0.76)",0.0
"((1.5, 0.7), 0.8)",0.0
"((1.5, 0.7), 0.84)",0.0
"((1.5, 0.7), 0.88)",0.0
"((1.5, 0.7), 0.92)",0.0
"((1.5, 0.7), 0.96)",0.0
"((1.5, 0.7), 1.0)",0.0
"((1.5, 0.8), 0.0)",0.0
"((1.5, 0.8), 0.04)",0.0
"((1.5, 0.8), 0.08)",0.0
"((1.5, 0.8), 0.12)",0.0
"((1.5, 0.8), 0.16)",0.0
"((1.5, 0.8), 0.2)",0.0
"((1.5, 0.8), 0.24)",0.0
"((1.5, 0.8), 0.28)",0.0
"((1.5, 0.8), 0.32)",0.0
"((1.5, 0.8), 0.36)",0.0
"((1.5, 0.8), 0.4)",0.0
"((1.5, 0.8), 0.44)",0.0
"((1.5, 0.8), 0.48)",0.0
"((1.5, 0.8), 0.52)",0.0
"((1.5, 0.8), 0.56)",0.0
"((1.5, 0.8), 0.6)",0.0
"((1.5, 0.8), 0.64)",0.0
"((1.5, 0.8), 0.68)",0.0
"((1.5, 0.8), 0.72)",0.0
"((1.5, 0.8), 0.76)",0.0
"((1.5, 0.8), 0.8)",0.0
"((1.5, 0.8), 0.84)",0.0
"((1.5, 0.8), 0.88)",0.0
"((1.5, 0.8), 0.92)",0.0
"((1.5, 0.8), 0.96)",0.0
"((1.5, 0.8), 1.0)",0.0
"((1.5, 0.9), 0.0)",0.0
"((1.5, 0.9), 0.04)",0.0
"((1.5, 0.9), 0.08)",0.0
"((1.5, 0.9), 0.12)",0.0
"((1.5, 0.9), 0.16)",0.0
"((1.5, 0.9), 0.2)",0.0
"((1.5, 0.9), 0.24)",0.0
"((1.5, 0.9), 0.28)",0.0
"((1.5, 0.9), 0.32)",0.0
"((1.5, 0.9), 0.36)",0.0
"((1.5, 0.9), 0.4)",0.0
"((1.5, 0.9), 0.44)",0.0
"((1.5, 0.9), 0.48)",0.0
"((1.5, 0.9), 0.52)",0.0
"((1.5, 0.9), 0.56)",0.0
"((1.5, 0.9), 0.6)",0.0
"((1.5, 0.9), 0.64)",0.0
"((1.5, 0.9), 0.68)",0.0
"((1.5, 0.9), 0.72)",0.0
"((1.5, 0.9), 0.76)",0.0
"((1.5, 0.9), 0.8)",0.0
"((1.5, 0.9), 0.84)",0.0
"((1.5, 0.9), 0.88)",0.0
"((1.5, 0.9), 0.92)",0.0
"((1.5, 0.9), 0.96)",0.0
"((1.5, 0.9), 1.0)",0.0
"((1.5, 1.0), 0.0)",0.0
"((1.5, 1.0), 0.04)",0.0
"((1.5, 1.0), 0.08)",0.0
"((1.5, 1.0), 0.12)",0.0
"((1.5, 1.0), 0.16)",0.0
"((1.5, 1.0), 0.2)",0.0
"((1.5, 1.0), 0.24)",0.0
"((1.5, 1.0), 0.28)",0.0
"((1.5, 1.0), 0.32)",0.0
"((1.5, 1.0), 0.36)",0.0
"((1.5, 1.0), 0.4)",0.0
"((1.5, 1.0), 0.44)",0.0
"((1.5, 1.0), 0.48)",0.0
"((1.5, 1.0), 0.52)",0.0
"((1.5, 1.0), 0.56)",0.0
"((1.5, 1.0), 0.6)",0.0
"((1.5, 1.0), 0.64)",0.0
"((1.5, 1.0), 0.68)",0.0
"((1.5, 1.0), 0.72)",0.0
"((1.5, 1.0), 0.76)",0.0
"((1.5, 1.0), 0.8)",0.0
"((1.5, 1.0), 0.84)",0.0
"((1.5, 1.0), 0.88)",0.0
"((1.5, 1.0), 0.92)",0.0
"((1.5, 1.0), 0.96)",0.0
"((1.5, 1.0), 1.0)",0.0
